{
  "project_info": {
    "project_number": "795432832075",
    "firebase_url": "https://conoceuv.firebaseio.com",
    "project_id": "conoceuv",
    "storage_bucket": "conoceuv.appspot.com"
  },
  "client": [
    {
      "client_info": {
        "mobilesdk_app_id": "1:795432832075:android:096e7a039b8b0309",
        "android_client_info": {
          "package_name": "conoceuv.com.conoceuv"
        }
      },
      "oauth_client": [
        {
          "client_id": "795432832075-6kjoip66iajnug34j2aabph5nikm6fal.apps.googleusercontent.com",
          "client_type": 1,
          "android_info": {
            "package_name": "conoceuv.com.conoceuv",
            "certificate_hash": "0a6bcd9189dd5b470ff27476668682b6b9f98cd2"
          }
        },
        {
          "client_id": "795432832075-s941j0bfb0io8jkudl1vvjd6rl74ofgt.apps.googleusercontent.com",
          "client_type": 3
        }
      ],
      "api_key": [
        {
          "current_key": "AIzaSyAjpE_ZUxHPyuVWrcjVkvT07lWDLjl2OLM"
        }
      ],
      "services": {
        "analytics_service": {
          "status": 1
        },
        "appinvite_service": {
          "status": 2,
          "other_platform_oauth_client": [
            {
              "client_id": "795432832075-s941j0bfb0io8jkudl1vvjd6rl74ofgt.apps.googleusercontent.com",
              "client_type": 3
            }
          ]
        },
        "ads_service": {
          "status": 2
        }
      }
    }
  ],
  "configuration_version": "1"
}